[
  {
    "Area Name": "CENTRAL MANHATTAN",
    "Area ID": "B",
    "Park Name": "Madison Square Park",
    "Park ID": 7,
    "Squirrel ID": "B-07-01",
    "Primary Fur Color": "Gray",
    "Highlights in Fur Color": "",
    "Color Notes": "",
    "Location": "Ground Plane",
    "Above Ground (Height in Feet)": "",
    "Specific Location": "",
    "Activities": "Foraging",
    "Interactions with Humans": "Indifferent",
    "Other Notes or Observations": "Scar on forehead",
    "Squirrel Latitude (DD.DDDDDD)": 40.74145,
    "Squirrel Longitude (-DD.DDDDDD)": -73.987884
  },
  {
    "Area Name": "CENTRAL MANHATTAN",
    "Area ID": "B",
    "Park Name": "Madison Square Park",
    "Park ID": 7,
    "Squirrel ID": "B-07-02",
    "Primary Fur Color": "Gray",
    "Highlights in Fur Color": "",
    "Color Notes": "",
    "Location": "Above Ground, Specific Location",
    "Above Ground (Height in Feet)": 30,
    "Specific Location": "in a tree",
    "Activities": "Sitting",
    "Interactions with Humans": "",
    "Other Notes or Observations": "",
    "Squirrel Latitude (DD.DDDDDD)": 40.742255,
    "Squirrel Longitude (-DD.DDDDDD)": -73.987433
  },
  {
    "Area Name": "CENTRAL MANHATTAN",
    "Area ID": "B",
    "Park Name": "Madison Square Park",
    "Park ID": 7,
    "Squirrel ID": "B-07-03",
    "Primary Fur Color": "Gray",
    "Highlights in Fur Color": "",
    "Color Notes": "",
    "Location": "Ground Plane",
    "Above Ground (Height in Feet)": "",
    "Specific Location": "",
    "Activities": "Foraging",
    "Interactions with Humans": "Indifferent",
    "Other Notes or Observations": "",
    "Squirrel Latitude (DD.DDDDDD)": 40.742556,
    "Squirrel Longitude (-DD.DDDDDD)": -73.986971
  },
  {
    "Area Name": "CENTRAL MANHATTAN",
    "Area ID": "B",
    "Park Name": "Madison Square Park",
    "Park ID": 7,
    "Squirrel ID": "B-07-04",
    "Primary Fur Color": "Gray",
    "Highlights in Fur Color": "",
    "Color Notes": "",
    "Location": "Above Ground, Specific Location",
    "Above Ground (Height in Feet)": 10,
    "Specific Location": "in tree",
    "Activities": "Sitting",
    "Interactions with Humans": "",
    "Other Notes or Observations": "",
    "Squirrel Latitude (DD.DDDDDD)": 40.742792,
    "Squirrel Longitude (-DD.DDDDDD)": -73.987046
  },
  {
    "Area Name": "CENTRAL MANHATTAN",
    "Area ID": "B",
    "Park Name": "Madison Square Park",
    "Park ID": 7,
    "Squirrel ID": "B-07-05",
    "Primary Fur Color": "Gray",
    "Highlights in Fur Color": "",
    "Color Notes": "",
    "Location": "Ground Plane, Specific Location",
    "Above Ground (Height in Feet)": "",
    "Specific Location": "Farragut Lawn",
    "Activities": "Running",
    "Interactions with Humans": "Indifferent",
    "Other Notes or Observations": "Many pigeons lounging on lawn, tourist taking picture",
    "Squirrel Latitude (DD.DDDDDD)": 40.74288,
    "Squirrel Longitude (-DD.DDDDDD)": -73.987663
  },
  {
    "Area Name": "CENTRAL MANHATTAN",
    "Area ID": "B",
    "Park Name": "Madison Square Park",
    "Park ID": 7,
    "Squirrel ID": "B-07-06",
    "Primary Fur Color": "Gray",
    "Highlights in Fur Color": "",
    "Color Notes": "",
    "Location": "Above Ground, Specific Location",
    "Above Ground (Height in Feet)": 15,
    "Specific Location": "in old tree (oval lawn)",
    "Activities": "Sitting",
    "Interactions with Humans": "Indifferent",
    "Other Notes or Observations": "#6 & #7 in same tree",
    "Squirrel Latitude (DD.DDDDDD)": 40.742421,
    "Squirrel Longitude (-DD.DDDDDD)": -73.98808
  },
  {
    "Area Name": "CENTRAL MANHATTAN",
    "Area ID": "B",
    "Park Name": "Madison Square Park",
    "Park ID": 7,
    "Squirrel ID": "B-07-07",
    "Primary Fur Color": "Gray",
    "Highlights in Fur Color": "",
    "Color Notes": "",
    "Location": "Above Ground, Specific Location",
    "Above Ground (Height in Feet)": 20,
    "Specific Location": "in old tree (oval lawn)",
    "Activities": "Sitting",
    "Interactions with Humans": "Indifferent",
    "Other Notes or Observations": "#6 & #7 in same tree - In general, visitors/people are trying to coax squirrels and take pictures. They are delighted to see squirrels.",
    "Squirrel Latitude (DD.DDDDDD)": 40.742421,
    "Squirrel Longitude (-DD.DDDDDD)": -73.98808
  },
  {
    "Area Name": "CENTRAL MANHATTAN",
    "Area ID": "B",
    "Park Name": "Madison Square Park",
    "Park ID": 7,
    "Squirrel ID": "B-07-08",
    "Primary Fur Color": "Gray",
    "Highlights in Fur Color": "Cinnamon",
    "Color Notes": "",
    "Location": "Ground Plane, Specific Location",
    "Above Ground (Height in Feet)": "",
    "Specific Location": "base of tree",
    "Activities": "Foraging",
    "Interactions with Humans": "Indifferent",
    "Other Notes or Observations": "Dog owners encouraging dogs to chase squirrels",
    "Squirrel Latitude (DD.DDDDDD)": 40.742807,
    "Squirrel Longitude (-DD.DDDDDD)": -73.988435
  },
  {
    "Area Name": "CENTRAL MANHATTAN",
    "Area ID": "B",
    "Park Name": "Madison Square Park",
    "Park ID": 7,
    "Squirrel ID": "B-07-09",
    "Primary Fur Color": "Gray",
    "Highlights in Fur Color": "",
    "Color Notes": "",
    "Location": "Ground Plane, Specific Location",
    "Above Ground (Height in Feet)": "",
    "Specific Location": "base of tree",
    "Activities": "Foraging",
    "Interactions with Humans": "Indifferent",
    "Other Notes or Observations": "Ran from base of tree to lawn about 20 feet away in search of food",
    "Squirrel Latitude (DD.DDDDDD)": 40.741528,
    "Squirrel Longitude (-DD.DDDDDD)": -73.988324
  },
  {
    "Area Name": "CENTRAL MANHATTAN",
    "Area ID": "B",
    "Park Name": "Madison Square Park",
    "Park ID": 7,
    "Squirrel ID": "B-07-10",
    "Primary Fur Color": "Gray",
    "Highlights in Fur Color": "",
    "Color Notes": "",
    "Location": "Above Ground, Specific Location",
    "Above Ground (Height in Feet)": 10,
    "Specific Location": "in tree",
    "Activities": "Climbing, Foraging",
    "Interactions with Humans": "Indifferent",
    "Other Notes or Observations": "First spotted in tree, then climbed down. Squirrel was small in stature.",
    "Squirrel Latitude (DD.DDDDDD)": 40.741805,
    "Squirrel Longitude (-DD.DDDDDD)": -73.988448
  },
  {
    "Area Name": "CENTRAL MANHATTAN",
    "Area ID": "B",
    "Park Name": "Madison Square Park",
    "Park ID": 7,
    "Squirrel ID": "B-07-11",
    "Primary Fur Color": "Gray",
    "Highlights in Fur Color": "",
    "Color Notes": "",
    "Location": "Ground Plane, Above Ground",
    "Above Ground (Height in Feet)": 1,
    "Specific Location": "on bench",
    "Activities": "Climbing, Foraging",
    "Interactions with Humans": "Indifferent",
    "Other Notes or Observations": "First seen on bench. Then jumped to ground, ran across path and onto lawn in search of food.",
    "Squirrel Latitude (DD.DDDDDD)": 40.741862,
    "Squirrel Longitude (-DD.DDDDDD)": -73.988797
  }
]