[
  {
    "Area Name": "UPPER MANHATTAN",
    "Area ID": "A",
    "Park Name": "St. Nicholas Park",
    "Park ID": 4,
    "Squirrel ID": "A-04-01",
    "Primary Fur Color": "Gray",
    "Highlights in Fur Color": "White",
    "Color Notes": "",
    "Location": "Above Ground",
    "Above Ground (Height in Feet)": "",
    "Specific Location": "",
    "Activities": "Chasing, Climbing",
    "Interactions with Humans": "Indifferent",
    "Other Notes or Observations": "Jumping between",
    "Squirrel Latitude (DD.DDDDDD)": 40.817593,
    "Squirrel Longitude (-DD.DDDDDD)": -73.948855
  },
  {
    "Area Name": "UPPER MANHATTAN",
    "Area ID": "A",
    "Park Name": "St. Nicholas Park",
    "Park ID": 4,
    "Squirrel ID": "A-04-02",
    "Primary Fur Color": "Black",
    "Highlights in Fur Color": "Black",
    "Color Notes": "",
    "Location": "Ground Plane",
    "Above Ground (Height in Feet)": "",
    "Specific Location": "",
    "Activities": "Foraging",
    "Interactions with Humans": "Indifferent",
    "Other Notes or Observations": "Chasing #3",
    "Squirrel Latitude (DD.DDDDDD)": 40.817719,
    "Squirrel Longitude (-DD.DDDDDD)": -73.948855
  },
  {
    "Area Name": "UPPER MANHATTAN",
    "Area ID": "A",
    "Park Name": "St. Nicholas Park",
    "Park ID": 4,
    "Squirrel ID": "A-04-03",
    "Primary Fur Color": "Gray",
    "Highlights in Fur Color": "White",
    "Color Notes": "",
    "Location": "Ground Plane",
    "Above Ground (Height in Feet)": "",
    "Specific Location": "",
    "Activities": "Eating",
    "Interactions with Humans": "Indifferent",
    "Other Notes or Observations": "Being chased by #2",
    "Squirrel Latitude (DD.DDDDDD)": 40.817719,
    "Squirrel Longitude (-DD.DDDDDD)": -73.948914
  },
  {
    "Area Name": "UPPER MANHATTAN",
    "Area ID": "A",
    "Park Name": "St. Nicholas Park",
    "Park ID": 4,
    "Squirrel ID": "A-04-04",
    "Primary Fur Color": "Gray",
    "Highlights in Fur Color": "White",
    "Color Notes": "",
    "Location": "Ground Plane",
    "Above Ground (Height in Feet)": "",
    "Specific Location": "",
    "Activities": "Foraging",
    "Interactions with Humans": "Indifferent",
    "Other Notes or Observations": "",
    "Squirrel Latitude (DD.DDDDDD)": 40.817711,
    "Squirrel Longitude (-DD.DDDDDD)": -73.949118
  },
  {
    "Area Name": "UPPER MANHATTAN",
    "Area ID": "A",
    "Park Name": "St. Nicholas Park",
    "Park ID": 4,
    "Squirrel ID": "A-04-05",
    "Primary Fur Color": "Gray",
    "Highlights in Fur Color": "White",
    "Color Notes": "",
    "Location": "Ground Plane",
    "Above Ground (Height in Feet)": "",
    "Specific Location": "",
    "Activities": "Climbing, Eating",
    "Interactions with Humans": "Indifferent",
    "Other Notes or Observations": "",
    "Squirrel Latitude (DD.DDDDDD)": 40.817569,
    "Squirrel Longitude (-DD.DDDDDD)": -73.948931
  },
  {
    "Area Name": "UPPER MANHATTAN",
    "Area ID": "A",
    "Park Name": "St. Nicholas Park",
    "Park ID": 4,
    "Squirrel ID": "A-04-06",
    "Primary Fur Color": "Gray",
    "Highlights in Fur Color": "Gray",
    "Color Notes": "",
    "Location": "Above Ground",
    "Above Ground (Height in Feet)": "",
    "Specific Location": "",
    "Activities": "Chasing, Climbing",
    "Interactions with Humans": "Indifferent",
    "Other Notes or Observations": "",
    "Squirrel Latitude (DD.DDDDDD)": 40.817544,
    "Squirrel Longitude (-DD.DDDDDD)": -73.949016
  },
  {
    "Area Name": "UPPER MANHATTAN",
    "Area ID": "A",
    "Park Name": "St. Nicholas Park",
    "Park ID": 4,
    "Squirrel ID": "A-04-07",
    "Primary Fur Color": "Gray",
    "Highlights in Fur Color": "Gray",
    "Color Notes": "",
    "Location": "Above Ground",
    "Above Ground (Height in Feet)": "",
    "Specific Location": "",
    "Activities": "Chasing, Climbing",
    "Interactions with Humans": "Indifferent",
    "Other Notes or Observations": "",
    "Squirrel Latitude (DD.DDDDDD)": 40.817544,
    "Squirrel Longitude (-DD.DDDDDD)": -73.949016
  },
  {
    "Area Name": "UPPER MANHATTAN",
    "Area ID": "A",
    "Park Name": "St. Nicholas Park",
    "Park ID": 4,
    "Squirrel ID": "A-04-08",
    "Primary Fur Color": "Gray",
    "Highlights in Fur Color": "White",
    "Color Notes": "",
    "Location": "Ground Plane",
    "Above Ground (Height in Feet)": "",
    "Specific Location": "",
    "Activities": "Running",
    "Interactions with Humans": "Runs From",
    "Other Notes or Observations": "",
    "Squirrel Latitude (DD.DDDDDD)": 40.817479,
    "Squirrel Longitude (-DD.DDDDDD)": -73.949006
  },
  {
    "Area Name": "UPPER MANHATTAN",
    "Area ID": "A",
    "Park Name": "St. Nicholas Park",
    "Park ID": 4,
    "Squirrel ID": "A-04-09",
    "Primary Fur Color": "Gray",
    "Highlights in Fur Color": "White",
    "Color Notes": "",
    "Location": "Ground Plane",
    "Above Ground (Height in Feet)": "",
    "Specific Location": "",
    "Activities": "Foraging",
    "Interactions with Humans": "Indifferent",
    "Other Notes or Observations": "Wooded area",
    "Squirrel Latitude (DD.DDDDDD)": 40.816685,
    "Squirrel Longitude (-DD.DDDDDD)": -73.949689
  },
  {
    "Area Name": "UPPER MANHATTAN",
    "Area ID": "A",
    "Park Name": "St. Nicholas Park",
    "Park ID": 4,
    "Squirrel ID": "A-04-10",
    "Primary Fur Color": "Gray",
    "Highlights in Fur Color": "Gray",
    "Color Notes": "",
    "Location": "Ground Plane",
    "Above Ground (Height in Feet)": "",
    "Specific Location": "",
    "Activities": "Foraging",
    "Interactions with Humans": "Indifferent",
    "Other Notes or Observations": "Wooded area",
    "Squirrel Latitude (DD.DDDDDD)": 40.816677,
    "Squirrel Longitude (-DD.DDDDDD)": -73.949549
  },
  {
    "Area Name": "UPPER MANHATTAN",
    "Area ID": "A",
    "Park Name": "St. Nicholas Park",
    "Park ID": 4,
    "Squirrel ID": "A-04-11",
    "Primary Fur Color": "Black",
    "Highlights in Fur Color": "Black",
    "Color Notes": "",
    "Location": "Ground Plane",
    "Above Ground (Height in Feet)": "",
    "Specific Location": "",
    "Activities": "Foraging",
    "Interactions with Humans": "Indifferent",
    "Other Notes or Observations": "Wooded area",
    "Squirrel Latitude (DD.DDDDDD)": 40.816555,
    "Squirrel Longitude (-DD.DDDDDD)": -73.949609
  },
  {
    "Area Name": "UPPER MANHATTAN",
    "Area ID": "A",
    "Park Name": "St. Nicholas Park",
    "Park ID": 4,
    "Squirrel ID": "A-04-12",
    "Primary Fur Color": "Gray",
    "Highlights in Fur Color": "White",
    "Color Notes": "",
    "Location": "Ground Plane",
    "Above Ground (Height in Feet)": "",
    "Specific Location": "",
    "Activities": "Foraging",
    "Interactions with Humans": "Indifferent",
    "Other Notes or Observations": "Wooded area - would look but not fully approach",
    "Squirrel Latitude (DD.DDDDDD)": 40.816506,
    "Squirrel Longitude (-DD.DDDDDD)": -73.949587
  },
  {
    "Area Name": "UPPER MANHATTAN",
    "Area ID": "A",
    "Park Name": "St. Nicholas Park",
    "Park ID": 4,
    "Squirrel ID": "A-04-13",
    "Primary Fur Color": "Gray",
    "Highlights in Fur Color": "White",
    "Color Notes": "",
    "Location": "Ground Plane",
    "Above Ground (Height in Feet)": "",
    "Specific Location": "",
    "Activities": "Running",
    "Interactions with Humans": "Indifferent",
    "Other Notes or Observations": "",
    "Squirrel Latitude (DD.DDDDDD)": 40.816425,
    "Squirrel Longitude (-DD.DDDDDD)": -73.949474
  },
  {
    "Area Name": "UPPER MANHATTAN",
    "Area ID": "A",
    "Park Name": "St. Nicholas Park",
    "Park ID": 4,
    "Squirrel ID": "A-04-14",
    "Primary Fur Color": "Gray",
    "Highlights in Fur Color": "Gray",
    "Color Notes": "",
    "Location": "Ground Plane",
    "Above Ground (Height in Feet)": "",
    "Specific Location": "",
    "Activities": "Foraging",
    "Interactions with Humans": "Indifferent",
    "Other Notes or Observations": "",
    "Squirrel Latitude (DD.DDDDDD)": 40.818308,
    "Squirrel Longitude (-DD.DDDDDD)": -73.948952
  },
  {
    "Area Name": "UPPER MANHATTAN",
    "Area ID": "A",
    "Park Name": "St. Nicholas Park",
    "Park ID": 4,
    "Squirrel ID": "A-04-15",
    "Primary Fur Color": "Gray",
    "Highlights in Fur Color": "Black",
    "Color Notes": "",
    "Location": "Ground Plane",
    "Above Ground (Height in Feet)": "",
    "Specific Location": "",
    "Activities": "Foraging",
    "Interactions with Humans": "Indifferent",
    "Other Notes or Observations": "",
    "Squirrel Latitude (DD.DDDDDD)": 40.818263,
    "Squirrel Longitude (-DD.DDDDDD)": -73.948909
  }
]