[
  {
    "Area Name": "UPPER MANHATTAN",
    "Area ID": "A",
    "Park Name": "Fort Tryon Park",
    "Park ID": 1,
    "Squirrel ID": "A-01-01",
    "Primary Fur Color": "Gray",
    "Highlights in Fur Color": "White",
    "Color Notes": "",
    "Location": "Ground Plane",
    "Above Ground (Height in Feet)": "",
    "Specific Location": "",
    "Activities": "Climbing, Foraging",
    "Interactions with Humans": "Indifferent",
    "Other Notes or Observations": "",
    "Squirrel Latitude (DD.DDDDDD)": 40.85941,
    "Squirrel Longitude (-DD.DDDDDD)": -73.933936
  },
  {
    "Area Name": "UPPER MANHATTAN",
    "Area ID": "A",
    "Park Name": "Fort Tryon Park",
    "Park ID": 1,
    "Squirrel ID": "A-01-02",
    "Primary Fur Color": "Gray",
    "Highlights in Fur Color": "White",
    "Color Notes": "",
    "Location": "Ground Plane",
    "Above Ground (Height in Feet)": "",
    "Specific Location": "",
    "Activities": "Foraging",
    "Interactions with Humans": "Indifferent",
    "Other Notes or Observations": "Looks skinny",
    "Squirrel Latitude (DD.DDDDDD)": 40.859436,
    "Squirrel Longitude (-DD.DDDDDD)": -73.933937
  },
  {
    "Area Name": "UPPER MANHATTAN",
    "Area ID": "A",
    "Park Name": "Fort Tryon Park",
    "Park ID": 1,
    "Squirrel ID": "A-01-03",
    "Primary Fur Color": "Gray",
    "Highlights in Fur Color": "White",
    "Color Notes": "",
    "Location": "Ground Plane",
    "Above Ground (Height in Feet)": "",
    "Specific Location": "",
    "Activities": "Eating, Digging",
    "Interactions with Humans": "Indifferent",
    "Other Notes or Observations": "",
    "Squirrel Latitude (DD.DDDDDD)": 40.859416,
    "Squirrel Longitude (-DD.DDDDDD)": -73.933894
  },
  {
    "Area Name": "UPPER MANHATTAN",
    "Area ID": "A",
    "Park Name": "Fort Tryon Park",
    "Park ID": 1,
    "Squirrel ID": "A-01-04",
    "Primary Fur Color": "Gray",
    "Highlights in Fur Color": "White",
    "Color Notes": "",
    "Location": "Ground Plane",
    "Above Ground (Height in Feet)": "",
    "Specific Location": "",
    "Activities": "Running",
    "Interactions with Humans": "Indifferent",
    "Other Notes or Observations": "",
    "Squirrel Latitude (DD.DDDDDD)": 40.859418,
    "Squirrel Longitude (-DD.DDDDDD)": -73.933895
  },
  {
    "Area Name": "UPPER MANHATTAN",
    "Area ID": "A",
    "Park Name": "Fort Tryon Park",
    "Park ID": 1,
    "Squirrel ID": "A-01-05",
    "Primary Fur Color": "Gray",
    "Highlights in Fur Color": "Cinnamon",
    "Color Notes": "",
    "Location": "Ground Plane",
    "Above Ground (Height in Feet)": "",
    "Specific Location": "",
    "Activities": "Running, Eating",
    "Interactions with Humans": "Indifferent",
    "Other Notes or Observations": "She left food",
    "Squirrel Latitude (DD.DDDDDD)": 40.859493,
    "Squirrel Longitude (-DD.DDDDDD)": -73.93359
  },
  {
    "Area Name": "UPPER MANHATTAN",
    "Area ID": "A",
    "Park Name": "Fort Tryon Park",
    "Park ID": 1,
    "Squirrel ID": "A-01-06",
    "Primary Fur Color": "Gray",
    "Highlights in Fur Color": "Cinnamon",
    "Color Notes": "",
    "Location": "Ground Plane",
    "Above Ground (Height in Feet)": "",
    "Specific Location": "",
    "Activities": "Climbing",
    "Interactions with Humans": "Indifferent",
    "Other Notes or Observations": "",
    "Squirrel Latitude (DD.DDDDDD)": 40.860825,
    "Squirrel Longitude (-DD.DDDDDD)": -73.932871
  },
  {
    "Area Name": "UPPER MANHATTAN",
    "Area ID": "A",
    "Park Name": "Fort Tryon Park",
    "Park ID": 1,
    "Squirrel ID": "A-01-07",
    "Primary Fur Color": "Gray",
    "Highlights in Fur Color": "White",
    "Color Notes": "",
    "Location": "Ground Plane",
    "Above Ground (Height in Feet)": "",
    "Specific Location": "",
    "Activities": "Foraging",
    "Interactions with Humans": "Indifferent",
    "Other Notes or Observations": "",
    "Squirrel Latitude (DD.DDDDDD)": 40.860225,
    "Squirrel Longitude (-DD.DDDDDD)": -73.933143
  },
  {
    "Area Name": "UPPER MANHATTAN",
    "Area ID": "A",
    "Park Name": "Fort Tryon Park",
    "Park ID": 1,
    "Squirrel ID": "A-01-08",
    "Primary Fur Color": "Black",
    "Highlights in Fur Color": "Gray",
    "Color Notes": "",
    "Location": "Above Ground",
    "Above Ground (Height in Feet)": 10,
    "Specific Location": "",
    "Activities": "Climbing",
    "Interactions with Humans": "Runs From",
    "Other Notes or Observations": "",
    "Squirrel Latitude (DD.DDDDDD)": 40.859965,
    "Squirrel Longitude (-DD.DDDDDD)": -73.933412
  },
  {
    "Area Name": "UPPER MANHATTAN",
    "Area ID": "A",
    "Park Name": "Fort Tryon Park",
    "Park ID": 1,
    "Squirrel ID": "A-01-09",
    "Primary Fur Color": "Gray",
    "Highlights in Fur Color": "White",
    "Color Notes": "",
    "Location": "Ground Plane",
    "Above Ground (Height in Feet)": "",
    "Specific Location": "",
    "Activities": "Foraging",
    "Interactions with Humans": "Indifferent",
    "Other Notes or Observations": "",
    "Squirrel Latitude (DD.DDDDDD)": 40.859892,
    "Squirrel Longitude (-DD.DDDDDD)": -73.933326
  },
  {
    "Area Name": "UPPER MANHATTAN",
    "Area ID": "A",
    "Park Name": "Fort Tryon Park",
    "Park ID": 1,
    "Squirrel ID": "A-01-10",
    "Primary Fur Color": "Gray",
    "Highlights in Fur Color": "White",
    "Color Notes": "",
    "Location": "Ground Plane",
    "Above Ground (Height in Feet)": "",
    "Specific Location": "",
    "Activities": "Eating, Digging",
    "Interactions with Humans": "Indifferent",
    "Other Notes or Observations": "",
    "Squirrel Latitude (DD.DDDDDD)": 40.859636,
    "Squirrel Longitude (-DD.DDDDDD)": -73.933717
  },
  {
    "Area Name": "UPPER MANHATTAN",
    "Area ID": "A",
    "Park Name": "Fort Tryon Park",
    "Park ID": 1,
    "Squirrel ID": "A-01-11",
    "Primary Fur Color": "Gray",
    "Highlights in Fur Color": "Black",
    "Color Notes": "",
    "Location": "Ground Plane",
    "Above Ground (Height in Feet)": "",
    "Specific Location": "",
    "Activities": "Eating, Digging",
    "Interactions with Humans": "Indifferent",
    "Other Notes or Observations": "was intimidated by a dog",
    "Squirrel Latitude (DD.DDDDDD)": 40.859576,
    "Squirrel Longitude (-DD.DDDDDD)": -73.933738
  },
  {
    "Area Name": "UPPER MANHATTAN",
    "Area ID": "A",
    "Park Name": "Fort Tryon Park",
    "Park ID": 1,
    "Squirrel ID": "A-01-12",
    "Primary Fur Color": "Gray",
    "Highlights in Fur Color": "White",
    "Color Notes": "",
    "Location": "Ground Plane",
    "Above Ground (Height in Feet)": "",
    "Specific Location": "",
    "Activities": "Running",
    "Interactions with Humans": "Runs From",
    "Other Notes or Observations": "",
    "Squirrel Latitude (DD.DDDDDD)": 40.859989,
    "Squirrel Longitude (-DD.DDDDDD)": -73.934544
  }
]