[
    {
      "Area Name": "CENTRAL MANHATTAN",
      "Area ID": "B",
      "Park Name": "Union Square Park",
      "Park ID": 8,
      "Squirrel ID": "B-08-01",
      "Primary Fur Color": "Cinnamon",
      "Highlights in Fur Color": "Cinnamon",
      "Color Notes": "",
      "Location": "Ground Plane",
      "Above Ground (Height in Feet)": "",
      "Specific Location": "",
      "Activities": "Climbing",
      "Interactions with Humans": "Friendly",
      "Other Notes or Observations": "",
      "Squirrel Latitude (DD.DDDDDD)": 40.735981,
      "Squirrel Longitude (-DD.DDDDDD)": -73.99062
    },
    {
      "Area Name": "CENTRAL MANHATTAN",
      "Area ID": "B",
      "Park Name": "Union Square Park",
      "Park ID": 8,
      "Squirrel ID": "B-08-02",
      "Primary Fur Color": "Gray",
      "Highlights in Fur Color": "Gray",
      "Color Notes": "",
      "Location": "Ground Plane",
      "Above Ground (Height in Feet)": "",
      "Specific Location": "",
      "Activities": "Running, Eating, Foraging",
      "Interactions with Humans": "Indifferent",
      "Other Notes or Observations": "",
      "Squirrel Latitude (DD.DDDDDD)": 40.735847,
      "Squirrel Longitude (-DD.DDDDDD)": -73.990115
    },
    {
      "Area Name": "CENTRAL MANHATTAN",
      "Area ID": "B",
      "Park Name": "Union Square Park",
      "Park ID": 8,
      "Squirrel ID": "B-08-03",
      "Primary Fur Color": "Cinnamon",
      "Highlights in Fur Color": "Cinnamon",
      "Color Notes": "",
      "Location": "Ground Plane",
      "Above Ground (Height in Feet)": "",
      "Specific Location": "",
      "Activities": "Foraging",
      "Interactions with Humans": "Indifferent",
      "Other Notes or Observations": "",
      "Squirrel Latitude (DD.DDDDDD)": 40.735896,
      "Squirrel Longitude (-DD.DDDDDD)": -73.99041
    },
    {
      "Area Name": "CENTRAL MANHATTAN",
      "Area ID": "B",
      "Park Name": "Union Square Park",
      "Park ID": 8,
      "Squirrel ID": "B-08-04",
      "Primary Fur Color": "Gray",
      "Highlights in Fur Color": "Cinnamon",
      "Color Notes": "",
      "Location": "Ground Plane",
      "Above Ground (Height in Feet)": "",
      "Specific Location": "",
      "Activities": "Foraging",
      "Interactions with Humans": "Indifferent",
      "Other Notes or Observations": "",
      "Squirrel Latitude (DD.DDDDDD)": 40.73579,
      "Squirrel Longitude (-DD.DDDDDD)": -73.990738
    },
    {
      "Area Name": "CENTRAL MANHATTAN",
      "Area ID": "B",
      "Park Name": "Union Square Park",
      "Park ID": 8,
      "Squirrel ID": "B-08-05",
      "Primary Fur Color": "Gray",
      "Highlights in Fur Color": "Cinnamon",
      "Color Notes": "",
      "Location": "Ground Plane",
      "Above Ground (Height in Feet)": "",
      "Specific Location": "",
      "Activities": "Digging",
      "Interactions with Humans": "Indifferent",
      "Other Notes or Observations": "",
      "Squirrel Latitude (DD.DDDDDD)": 40.735941,
      "Squirrel Longitude (-DD.DDDDDD)": -73.99063
    },
    {
      "Area Name": "CENTRAL MANHATTAN",
      "Area ID": "B",
      "Park Name": "Union Square Park",
      "Park ID": 8,
      "Squirrel ID": "B-08-06",
      "Primary Fur Color": "Gray",
      "Highlights in Fur Color": "Cinnamon",
      "Color Notes": "",
      "Location": "Above Ground, Specific Location",
      "Above Ground (Height in Feet)": "",
      "Specific Location": "in tree",
      "Activities": "Climbing",
      "Interactions with Humans": "",
      "Other Notes or Observations": "",
      "Squirrel Latitude (DD.DDDDDD)": 40.73566,
      "Squirrel Longitude (-DD.DDDDDD)": -73.990351
    },
    {
      "Area Name": "CENTRAL MANHATTAN",
      "Area ID": "B",
      "Park Name": "Union Square Park",
      "Park ID": 8,
      "Squirrel ID": "B-08-07",
      "Primary Fur Color": "Gray",
      "Highlights in Fur Color": "Cinnamon",
      "Color Notes": "Cinnamon tail",
      "Location": "Above Ground, Specific Location",
      "Above Ground (Height in Feet)": "",
      "Specific Location": "in tree",
      "Activities": "Climbing, Eating",
      "Interactions with Humans": "",
      "Other Notes or Observations": "Baby smaller",
      "Squirrel Latitude (DD.DDDDDD)": 40.735636,
      "Squirrel Longitude (-DD.DDDDDD)": -73.990426
    },
    {
      "Area Name": "CENTRAL MANHATTAN",
      "Area ID": "B",
      "Park Name": "Union Square Park",
      "Park ID": 8,
      "Squirrel ID": "B-08-08",
      "Primary Fur Color": "Gray",
      "Highlights in Fur Color": "Black",
      "Color Notes": "",
      "Location": "",
      "Above Ground (Height in Feet)": "",
      "Specific Location": "",
      "Activities": "Digging",
      "Interactions with Humans": "",
      "Other Notes or Observations": "Baby smaller",
      "Squirrel Latitude (DD.DDDDDD)": 40.73566,
      "Squirrel Longitude (-DD.DDDDDD)": -73.990351
    },
    {
      "Area Name": "CENTRAL MANHATTAN",
      "Area ID": "B",
      "Park Name": "Union Square Park",
      "Park ID": 8,
      "Squirrel ID": "B-08-09",
      "Primary Fur Color": "Gray",
      "Highlights in Fur Color": "Gray",
      "Color Notes": "",
      "Location": "",
      "Above Ground (Height in Feet)": "",
      "Specific Location": "",
      "Activities": "Running, Digging",
      "Interactions with Humans": "Runs From",
      "Other Notes or Observations": "",
      "Squirrel Latitude (DD.DDDDDD)": 40.735587,
      "Squirrel Longitude (-DD.DDDDDD)": -73.990367
    },
    {
      "Area Name": "CENTRAL MANHATTAN",
      "Area ID": "B",
      "Park Name": "Union Square Park",
      "Park ID": 8,
      "Squirrel ID": "B-08-10",
      "Primary Fur Color": "Gray",
      "Highlights in Fur Color": "Black",
      "Color Notes": "",
      "Location": "Ground Plane",
      "Above Ground (Height in Feet)": "",
      "Specific Location": "",
      "Activities": "Eating, Foraging",
      "Interactions with Humans": "Indifferent, Staring",
      "Other Notes or Observations": "",
      "Squirrel Latitude (DD.DDDDDD)": 40.73542,
      "Squirrel Longitude (-DD.DDDDDD)": -73.990453
    },
    {
      "Area Name": "CENTRAL MANHATTAN",
      "Area ID": "B",
      "Park Name": "Union Square Park",
      "Park ID": 8,
      "Squirrel ID": "B-08-11",
      "Primary Fur Color": "Cinnamon",
      "Highlights in Fur Color": "Gray",
      "Color Notes": "",
      "Location": "Ground Plane",
      "Above Ground (Height in Feet)": "",
      "Specific Location": "",
      "Activities": "Foraging",
      "Interactions with Humans": "Indifferent, Runs From (kids)",
      "Other Notes or Observations": "Ran away from kids and climbed up the tree",
      "Squirrel Latitude (DD.DDDDDD)": 40.735514,
      "Squirrel Longitude (-DD.DDDDDD)": -73.99033
    },
    {
      "Area Name": "CENTRAL MANHATTAN",
      "Area ID": "B",
      "Park Name": "Union Square Park",
      "Park ID": 8,
      "Squirrel ID": "B-08-12",
      "Primary Fur Color": "Gray",
      "Highlights in Fur Color": "Cinnamon",
      "Color Notes": "",
      "Location": "Ground Plane",
      "Above Ground (Height in Feet)": "",
      "Specific Location": "",
      "Activities": "Eating, Foraging",
      "Interactions with Humans": "",
      "Other Notes or Observations": "Big",
      "Squirrel Latitude (DD.DDDDDD)": 40.735945,
      "Squirrel Longitude (-DD.DDDDDD)": -73.990201
    },
    {
      "Area Name": "CENTRAL MANHATTAN",
      "Area ID": "B",
      "Park Name": "Union Square Park",
      "Park ID": 8,
      "Squirrel ID": "B-08-13",
      "Primary Fur Color": "Cinnamon",
      "Highlights in Fur Color": "Gray",
      "Color Notes": "",
      "Location": "",
      "Above Ground (Height in Feet)": "",
      "Specific Location": "",
      "Activities": "Foraging",
      "Interactions with Humans": "",
      "Other Notes or Observations": "Big",
      "Squirrel Latitude (DD.DDDDDD)": 40.735947,
      "Squirrel Longitude (-DD.DDDDDD)": -73.99023
    },
    {
      "Area Name": "CENTRAL MANHATTAN",
      "Area ID": "B",
      "Park Name": "Union Square Park",
      "Park ID": 8,
      "Squirrel ID": "B-08-14",
      "Primary Fur Color": "Gray",
      "Highlights in Fur Color": "Cinnamon",
      "Color Notes": "",
      "Location": "Ground Plane",
      "Above Ground (Height in Feet)": "",
      "Specific Location": "",
      "Activities": "Eating, Foraging",
      "Interactions with Humans": "",
      "Other Notes or Observations": "Big and chubby",
      "Squirrel Latitude (DD.DDDDDD)": 40.73604,
      "Squirrel Longitude (-DD.DDDDDD)": -73.98966
    },
    {
      "Area Name": "CENTRAL MANHATTAN",
      "Area ID": "B",
      "Park Name": "Union Square Park",
      "Park ID": 8,
      "Squirrel ID": "B-08-15",
      "Primary Fur Color": "Gray",
      "Highlights in Fur Color": "Cinnamon",
      "Color Notes": "",
      "Location": "Ground Plane",
      "Above Ground (Height in Feet)": "",
      "Specific Location": "",
      "Activities": "Eating, Foraging",
      "Interactions with Humans": "",
      "Other Notes or Observations": "",
      "Squirrel Latitude (DD.DDDDDD)": 40.73618,
      "Squirrel Longitude (-DD.DDDDDD)": -73.990683
    },
    {
      "Area Name": "CENTRAL MANHATTAN",
      "Area ID": "B",
      "Park Name": "Union Square Park",
      "Park ID": 8,
      "Squirrel ID": "B-08-16",
      "Primary Fur Color": "Cinnamon",
      "Highlights in Fur Color": "Gray",
      "Color Notes": "",
      "Location": "Ground Plane",
      "Above Ground (Height in Feet)": "",
      "Specific Location": "",
      "Activities": "Eating, Foraging",
      "Interactions with Humans": "",
      "Other Notes or Observations": "",
      "Squirrel Latitude (DD.DDDDDD)": 40.736298,
      "Squirrel Longitude (-DD.DDDDDD)": -73.990559
    }
  ]